<?xml version="1.0" encoding="UTF-8"?>
<project-private xmlns="http://www.netbeans.org/ns/project-private/1">
    <editor-bookmarks xmlns="http://www.netbeans.org/ns/editor-bookmarks/2" lastBookmarkId="0"/>
    <open-files xmlns="http://www.netbeans.org/ns/projectui-open-files/2">
        <group>
            <file>file:/E:/NetBeansProjects/Duannhpd02217_Du_an_mau/src/view/NguoiHocJFrame.java</file>
            <file>file:/E:/NetBeansProjects/Duannhpd02217_Du_an_mau/src/view/MainJFrame.java</file>
            <file>file:/E:/NetBeansProjects/Duannhpd02217_Du_an_mau/src/view/ThongTinKhoaHocJFrame.java</file>
            <file>file:/E:/NetBeansProjects/Duannhpd02217_Du_an_mau/src/view/KhoaHocJFrame.java</file>
        </group>
    </open-files>
</project-private>
